PRAGMA foreign_keys=OFF;
BEGIN TRANSACTION;
CREATE TABLE "Channels" (
"id" INTEGER PRIMARY KEY AUTOINCREMENT,
"channel_name" TEXT NOT NULL UNIQUE
);
INSERT INTO "Channels" VALUES(1,'Aurora');
INSERT INTO "Channels" VALUES(2,'Beta');
INSERT INTO "Channels" VALUES(3,'Release');
INSERT INTO "Channels" VALUES(5,'ESR');
CREATE TABLE "Releases" (
"id" INTEGER PRIMARY KEY AUTOINCREMENT,
"product" INTEGER REFERENCES "Products"("id") NOT NULL,
"channel" INTEGER REFERENCES "Channels"("id") NOT NULL,
"version" INTEGER NOT NULL,
"sub_version" INTEGER DEFAULT 0 NOT NULL,
"release_date" DATETIME NOT NULL,
"release_text" TEXT
);
INSERT INTO "Releases" VALUES(1,1,1,10,0,'2011-11-11',NULL);
INSERT INTO "Releases" VALUES(2,2,1,10,0,'2011-11-11',NULL);
INSERT INTO "Releases" VALUES(3,1,1,11,0,'2011-12-22',NULL);
INSERT INTO "Releases" VALUES(4,2,1,11,0,'2011-12-22',NULL);
INSERT INTO "Releases" VALUES(5,1,2,10,0,'2011-12-21',NULL);
INSERT INTO "Releases" VALUES(6,2,2,10,0,'2011-12-21',NULL);
INSERT INTO "Releases" VALUES(14,1,3,10,0,'2012-01-31',NULL);
INSERT INTO "Releases" VALUES(15,2,3,10,0,'2012-01-31',NULL);
INSERT INTO "Releases" VALUES(16,1,1,12,0,'2012-02-03',NULL);
INSERT INTO "Releases" VALUES(17,2,1,12,0,'2012-02-03',NULL);
INSERT INTO "Releases" VALUES(18,1,2,11,0,'2012-02-03',NULL);
INSERT INTO "Releases" VALUES(19,2,2,11,0,'2012-02-03',NULL);
INSERT INTO "Releases" VALUES(20,1,3,10,1,'2012-02-10',NULL);
INSERT INTO "Releases" VALUES(21,2,3,10,1,'2012-02-10',NULL);
INSERT INTO "Releases" VALUES(22,1,3,10,2,'2012-02-16',NULL);
INSERT INTO "Releases" VALUES(23,2,3,10,2,'2012-02-16',NULL);
INSERT INTO "Releases" VALUES(24,3,5,10,3,'2012-03-13',NULL);
INSERT INTO "Releases" VALUES(25,1,3,11,0,'2012-03-13',NULL);
INSERT INTO "Releases" VALUES(26,2,3,10,3,'2012-03-13',NULL);
INSERT INTO "Releases" VALUES(27,1,1,13,0,'2012-03-19',NULL);
INSERT INTO "Releases" VALUES(28,2,1,13,0,'2012-03-19',NULL);
INSERT INTO "Releases" VALUES(29,1,2,12,0,'2012-03-16',NULL);
INSERT INTO "Releases" VALUES(30,2,2,12,0,'2012-03-16',NULL);
INSERT INTO "Releases" VALUES(31,1,3,12,0,'2012-04-24',NULL);
INSERT INTO "Releases" VALUES(32,2,3,10,4,'2012-04-24',NULL);
INSERT INTO "Releases" VALUES(33,3,5,10,4,'2012-04-24',NULL);
INSERT INTO "Releases" VALUES(34,1,2,13,0,'2012-04-26',NULL);
INSERT INTO "Releases" VALUES(35,2,2,13,0,'2012-04-27',NULL);
INSERT INTO "Releases" VALUES(36,1,1,14,0,'2012-04-27',NULL);
INSERT INTO "Releases" VALUES(37,2,1,14,0,'2012-04-30',NULL);
INSERT INTO "Releases" VALUES(38,2,2,14,0,'2012-05-15',NULL);
INSERT INTO "Releases" VALUES(39,1,2,14,0,'2012-05-15',NULL);
INSERT INTO "Releases" VALUES(40,1,3,13,0,'2012-06-05',NULL);
INSERT INTO "Releases" VALUES(41,3,5,10,5,'2012-06-05',NULL);
INSERT INTO "Releases" VALUES(42,2,3,10,5,'2012-06-05',NULL);
INSERT INTO "Releases" VALUES(43,1,2,14,0,'2012-06-07',NULL);
INSERT INTO "Releases" VALUES(44,1,1,15,0,'2012-06-07',NULL);
INSERT INTO "Releases" VALUES(45,2,1,15,0,'2012-06-07',NULL);
INSERT INTO "Releases" VALUES(46,1,3,13,1,'2012-06-15',NULL);
INSERT INTO "Releases" VALUES(47,2,3,14,0,'2012-06-26',NULL);
INSERT INTO "Releases" VALUES(48,1,3,14,0,'2012-06-26',NULL);
INSERT INTO "Releases" VALUES(49,1,3,14,1,'2012-07-17',NULL);
INSERT INTO "Releases" VALUES(50,2,3,14,1,'2012-07-17',NULL);
INSERT INTO "Releases" VALUES(51,1,2,15,0,'2012-07-19',NULL);
INSERT INTO "Releases" VALUES(52,2,2,15,0,'2012-07-19',NULL);
INSERT INTO "Releases" VALUES(53,1,1,16,0,'2012-07-20',NULL);
INSERT INTO "Releases" VALUES(54,2,1,16,0,'2012-07-20',NULL);
INSERT INTO "Releases" VALUES(55,2,3,14,2,'2012-08-07',NULL);
INSERT INTO "Releases" VALUES(56,1,3,15,0,'2012-08-28',NULL);
INSERT INTO "Releases" VALUES(57,2,3,15,0,'2012-08-28',NULL);
INSERT INTO "Releases" VALUES(58,3,5,10,7,'2012-08-28',NULL);
INSERT INTO "Releases" VALUES(59,1,2,16,0,'2012-08-30',NULL);
INSERT INTO "Releases" VALUES(60,2,2,16,0,'2012-08-30',NULL);
INSERT INTO "Releases" VALUES(61,1,1,17,0,'2012-08-31',NULL);
INSERT INTO "Releases" VALUES(62,2,1,17,0,'2012-08-31',NULL);
INSERT INTO "Releases" VALUES(63,1,3,15,1,'2012-09-06',NULL);
INSERT INTO "Releases" VALUES(64,2,3,15,1,'2012-09-10',NULL);
INSERT INTO "Releases" VALUES(65,1,3,16,0,'2012-10-09',NULL);
INSERT INTO "Releases" VALUES(66,2,3,16,0,'2012-10-09',NULL);
INSERT INTO "Releases" VALUES(67,3,5,10,8,'2012-10-08',NULL);
INSERT INTO "Releases" VALUES(68,1,1,18,0,'2012-10-12',NULL);
INSERT INTO "Releases" VALUES(69,2,1,18,0,'2012-10-12',NULL);
INSERT INTO "Releases" VALUES(70,1,2,17,0,'2012-10-11',NULL);
INSERT INTO "Releases" VALUES(71,2,2,17,0,'2012-10-11',NULL);
INSERT INTO "Releases" VALUES(72,1,3,16,1,'2012-10-11',NULL);
INSERT INTO "Releases" VALUES(73,2,3,16,1,'2012-10-11',NULL);
INSERT INTO "Releases" VALUES(74,1,3,16,2,'2012-10-26',NULL);
INSERT INTO "Releases" VALUES(75,2,3,16,2,'2012-10-26',NULL);
INSERT INTO "Releases" VALUES(76,1,3,17,0,'2012-11-20',NULL);
INSERT INTO "Releases" VALUES(77,2,3,17,0,'2012-11-19',NULL);
INSERT INTO "Releases" VALUES(78,1,2,18,0,'2012-11-26',NULL);
INSERT INTO "Releases" VALUES(79,2,2,18,0,'2012-11-26',NULL);
INSERT INTO "Releases" VALUES(80,1,5,10,11,'2012-11-20',NULL);
INSERT INTO "Releases" VALUES(81,1,1,19,0,'2012-11-26',NULL);
INSERT INTO "Releases" VALUES(82,2,1,19,0,'2012-11-26',NULL);
INSERT INTO "Releases" VALUES(83,1,3,17,1,'2012-11-30',NULL);
INSERT INTO "Releases" VALUES(84,1,5,17,1,'2012-11-30',NULL);
INSERT INTO "Releases" VALUES(85,1,3,18,0,'2013-01-08',NULL);
INSERT INTO "Releases" VALUES(86,2,3,18,0,'2013-01-08',NULL);
INSERT INTO "Releases" VALUES(87,1,2,19,0,'2013-01-10',NULL);
INSERT INTO "Releases" VALUES(88,2,2,19,0,'2013-01-10',NULL);
INSERT INTO "Releases" VALUES(89,1,1,20,0,'2013-01-11',NULL);
INSERT INTO "Releases" VALUES(90,2,1,20,0,'2013-01-11',NULL);
INSERT INTO "Releases" VALUES(91,1,3,19,0,'2013-02-19',NULL);
INSERT INTO "Releases" VALUES(92,2,3,19,0,'2013-02-19',NULL);
INSERT INTO "Releases" VALUES(93,1,1,21,0,'2013-02-22',NULL);
INSERT INTO "Releases" VALUES(94,2,1,21,0,'2013-02-22',NULL);
INSERT INTO "Releases" VALUES(95,1,2,20,0,'2013-02-22',NULL);
INSERT INTO "Releases" VALUES(96,2,2,20,0,'2013-02-25',NULL);
INSERT INTO "Releases" VALUES(97,1,3,20,0,'2013-04-02',NULL);
INSERT INTO "Releases" VALUES(98,2,3,20,0,'2013-04-02',NULL);
INSERT INTO "Releases" VALUES(99,1,2,21,0,'2013-04-04',NULL);
INSERT INTO "Releases" VALUES(100,2,2,21,0,'2013-04-04',NULL);
INSERT INTO "Releases" VALUES(101,1,1,22,0,'2013-04-05',NULL);
INSERT INTO "Releases" VALUES(102,2,1,22,0,'2013-04-05',NULL);
INSERT INTO "Releases" VALUES(103,1,3,20,1,'2013-04-11',NULL);
INSERT INTO "Releases" VALUES(104,2,3,20,1,'2013-04-11',NULL);
INSERT INTO "Releases" VALUES(105,1,3,21,0,'2013-05-14',NULL);
INSERT INTO "Releases" VALUES(106,2,3,21,0,'2013-05-14',NULL);
INSERT INTO "Releases" VALUES(108,1,1,23,0,'2013-05-17',NULL);
INSERT INTO "Releases" VALUES(109,2,1,23,0,'2013-05-17',NULL);
INSERT INTO "Releases" VALUES(110,1,2,22,0,'2013-05-16',NULL);
INSERT INTO "Releases" VALUES(111,2,2,22,0,'2013-05-16',NULL);
CREATE TABLE "Tags" (
"id" INTEGER PRIMARY KEY AUTOINCREMENT,
"tag_text" TEXT NOT NULL,
"sort_num" INTEGER
);
INSERT INTO "Tags" VALUES(1,'NEW',1);
INSERT INTO "Tags" VALUES(2,'CHANGED',2);
INSERT INTO "Tags" VALUES(3,'HTML5',4);
INSERT INTO "Tags" VALUES(4,'FIXED',5);
INSERT INTO "Tags" VALUES(5,'DEVELOPER',3);
CREATE TABLE "Products" (
"id" INTEGER PRIMARY KEY AUTOINCREMENT,
"product_name" TEXT UNIQUE NOT NULL,
"product_text" TEXT
);
INSERT INTO "Products" VALUES(1,'Firefox','<p>Check out "What&#146;s New" and "Known Issues" for this version of Firefox below. As always, you&#146;re encouraged to <a href="http://input.mozilla.com/feedback">tell us what you think</a>, or <a href="https://bugzilla.mozilla.org/">file a bug in Bugzilla</a>.</p>');
INSERT INTO "Products" VALUES(2,'Firefox for mobile','<p>Check out "What&#146;s New" and "Known Issues" for this version of Firefox for mobile below. As always, you&#146;re encouraged to <a href="http://input.mozilla.com/feedback">tell us what you think</a>, or <a href="https://bugzilla.mozilla.org/">file a bug in Bugzilla</a>.</p>');
INSERT INTO "Products" VALUES(3,'Firefox ESR','<p>Check out "What&#146;s New" for this version of Firefox ESR below. As always, you&#146;re encouraged to <a href="http://input.mozilla.com/feedback">tell us what you think</a>, or <a href="https://bugzilla.mozilla.org/">file a bug in Bugzilla</a>.</p> ');
CREATE TABLE "Notes" (
"id" INTEGER PRIMARY KEY AUTOINCREMENT,
"bug_num" INTEGER,
"description" TEXT NOT NULL,
"first_version" INTEGER REFERENCES "Releases"("version"),
"first_channel" INTEGER REFERENCES "Channels"("id"),
"fixed_in_version" INTEGER REFERENCES "Releases"("version"),
"fixed_in_channel" INTEGER REFERENCES "Channels"("id"),
"tag" INTEGER,
"product" INTEGER REFERENCES "Products"("id"),
"sort_num" INTEGER
, "fixed_in_subversion" INTEGER);
INSERT INTO "Notes" VALUES(0,NULL,'First revision of the <a href="https://blog.mozilla.org/futurereleases/2012/07/06/bringing-social-to-firefox/">Social API</a> and support for Facebook Messenger',17,NULL,17,NULL,1,1,800,NULL);
INSERT INTO "Notes" VALUES(1,681795,'Some users may experience a crash when moving bookmarks',NULL,NULL,10,NULL,NULL,1,NULL,NULL);
INSERT INTO "Notes" VALUES(3,NULL,'Anti-Aliasing for WebGL is now implemented (see <a href="https://bugzilla.mozilla.org/show_bug.cgi?id=615976">bug 615976</a>)',NULL,NULL,10,NULL,1,NULL,NULL,NULL);
INSERT INTO "Notes" VALUES(14,NULL,'New &lt;bdi&gt; element for bi-directional text isolation, along with supporting CSS properties (see bugs <a href="https://bugzilla.mozilla.org/show_bug.cgi?id=613149">613149</a> and <a href="https://bugzilla.mozilla.org/show_bug.cgi?id=662288">662288</a>)',NULL,NULL,10,NULL,3,NULL,NULL,NULL);
INSERT INTO "Notes" VALUES(15,NULL,'The forward button is now hidden until you navigate back',NULL,NULL,10,NULL,1,1,100,NULL);
INSERT INTO "Notes" VALUES(17,NULL,'Inspect tool with content highlighting, includes new CSS Style Inspector',NULL,NULL,10,NULL,5,1,NULL,NULL);
INSERT INTO "Notes" VALUES(18,NULL,'Full Screen APIs allow you to build a web application that runs full screen (see the <a href="https://wiki.mozilla.org/Platform/Features/Full_Screen_APIs">feature page</a>)',NULL,NULL,10,NULL,3,1,NULL,NULL);
INSERT INTO "Notes" VALUES(19,NULL,'View source syntax highlighting now uses the HTML5 parser (see <a href="https://bugzilla.mozilla.org/show_bug.cgi?id=482921">bug 482921</a>)',NULL,NULL,11,NULL,3,1,NULL,NULL);
INSERT INTO "Notes" VALUES(20,NULL,'CSS3 3D-Transforms are now supported (see <a href="https://bugzilla.mozilla.org/show_bug.cgi?id=505115">bug 505115</a>)',NULL,NULL,10,NULL,1,1,NULL,NULL);
INSERT INTO "Notes" VALUES(22,NULL,'It''s now even easier to set up Firefox Sync - see the "Set up Sync" link on the home tab',NULL,NULL,10,NULL,2,2,NULL,NULL);
INSERT INTO "Notes" VALUES(23,NULL,'Accelerated layers are now supported via OpenGL ES',NULL,NULL,10,NULL,1,2,NULL,NULL);
INSERT INTO "Notes" VALUES(30,573369,'If you try to start Firefox using a locked profile, it will crash',10,NULL,NULL,NULL,NULL,1,NULL,NULL);
INSERT INTO "Notes" VALUES(33,668288,'Some recent changes in the Google layout and CSS may cause issues in non-webkit browsers like Firefox',10,NULL,NULL,NULL,NULL,2,NULL,NULL);
INSERT INTO "Notes" VALUES(34,665374,'Blinking characters in form fields',10,NULL,14,NULL,NULL,2,NULL,NULL);
INSERT INTO "Notes" VALUES(37,676780,'There is an extremely rare case where the browser may become unable to load web pages or close tabs',10,NULL,10,NULL,NULL,2,NULL,NULL);
INSERT INTO "Notes" VALUES(39,628269,'Reloading a page increases the zoom level',10,NULL,14,NULL,NULL,2,NULL,NULL);
INSERT INTO "Notes" VALUES(41,700835,'Mac OS X only - after installing the latest Java release from Apple, Firefox may crash when closing a tab with a Java applet installed',10,NULL,10,1,NULL,1,1000,NULL);
INSERT INTO "Notes" VALUES(42,NULL,'We''ve added IndexedDB APIs to more closely match the specification',NULL,NULL,10,NULL,5,NULL,NULL,NULL);
INSERT INTO "Notes" VALUES(44,711900,'Under certain conditions, scrolling and text input may be jerky',10,NULL,10,NULL,NULL,1,NULL,NULL);
INSERT INTO "Notes" VALUES(45,NULL,'SPDY protocol support for faster page loads is <a href="https://bugzilla.mozilla.org/show_bug.cgi?id=528288#c174">now testable</a>',NULL,NULL,11,NULL,5,NULL,NULL,NULL);
INSERT INTO "Notes" VALUES(46,NULL,'The <a href="https://developer.mozilla.org/en/DOM/element.outerHTML">outerHTML property</a> is now supported on HTML elements',NULL,NULL,11,NULL,3,NULL,NULL,NULL);
INSERT INTO "Notes" VALUES(47,NULL,'XMLHttpRequest now <a href="http://developer.mozilla.org/en/HTML_in_XMLHttpRequest">supports HTML parsing</a>',NULL,NULL,11,NULL,5,NULL,NULL,NULL);
INSERT INTO "Notes" VALUES(48,NULL,'The CSS <a href="https://developer.mozilla.org/en/CSS/text-size-adjust">text-size-adjust property</a> is now supported',NULL,NULL,11,NULL,1,NULL,NULL,NULL);
INSERT INTO "Notes" VALUES(49,NULL,'Web developers can now visualize a web page in 3D using the <a href="https://hacks.mozilla.org/2011/12/new-developer-tools-in-firefox-11-aurora/">Page Inspector 3D View</a>',NULL,NULL,11,NULL,5,1,950,NULL);
INSERT INTO "Notes" VALUES(50,NULL,'Support for Adobe Flash',NULL,NULL,14,NULL,1,2,825,NULL);
INSERT INTO "Notes" VALUES(51,691662,'Firefox notifications may not work properly with Growl 1.3 or later',10,NULL,11,NULL,NULL,1,NULL,NULL);
INSERT INTO "Notes" VALUES(52,NULL,'Firefox can now migrate your bookmarks, history, and cookies from Google Chrome',NULL,NULL,11,NULL,1,1,1000,NULL);
INSERT INTO "Notes" VALUES(55,NULL,'Redesigned media controls for HTML5 video',NULL,NULL,11,NULL,2,1,NULL,NULL);
INSERT INTO "Notes" VALUES(56,695565,'Firefox for Android uses the same locale as your system language settings',NULL,3,999,NULL,NULL,2,NULL,NULL);
INSERT INTO "Notes" VALUES(59,705201,'Forms are not yet fully functional',12,NULL,15,NULL,NULL,2,NULL,NULL);
INSERT INTO "Notes" VALUES(60,710808,'Some text may appear too large',12,NULL,14,1,NULL,2,NULL,NULL);
INSERT INTO "Notes" VALUES(61,711515,'Opening links from external apps may not open properly.',12,NULL,14,1,NULL,2,NULL,NULL);
INSERT INTO "Notes" VALUES(62,697858,'Your previous tab session may not be re-opened on launch in some instances',12,NULL,14,1,NULL,2,NULL,NULL);
INSERT INTO "Notes" VALUES(63,NULL,'The user interface has been completely re-designed with a new Awesome Screen',NULL,NULL,14,NULL,1,2,950,NULL);
INSERT INTO "Notes" VALUES(64,NULL,'New personalized Start Page with top sites and tabs from last time',NULL,NULL,14,NULL,1,2,850,NULL);
INSERT INTO "Notes" VALUES(65,NULL,'Fonts are resized for better readability',12,NULL,NULL,NULL,1,2,NULL,NULL);
INSERT INTO "Notes" VALUES(66,NULL,'Top Sites, Bookmarks, and History are now even more accessible from the Awesome Bar',NULL,NULL,14,NULL,2,2,NULL,NULL);
INSERT INTO "Notes" VALUES(69,NULL,'Faster start-up and page load times',NULL,NULL,14,NULL,1,2,1000,NULL);
INSERT INTO "Notes" VALUES(70,NULL,'Files can now be stored in IndexedDB (see <a href="https://bugzilla.mozilla.org/show_bug.cgi?id=661877">bug 661877</a>)',NULL,NULL,11,NULL,5,NULL,NULL,NULL);
INSERT INTO "Notes" VALUES(71,NULL,'Websockets has now been unprefixed',NULL,NULL,11,NULL,5,NULL,NULL,NULL);
INSERT INTO "Notes" VALUES(72,NULL,'The <a href="https://hacks.mozilla.org/2011/12/new-developer-tools-in-firefox-11-aurora/">Style Editor</a> for CSS editing is now available to web developers',NULL,NULL,11,NULL,5,1,1000,NULL);
INSERT INTO "Notes" VALUES(75,NULL,'Most add-ons are now compatible with new versions of Firefox by default',NULL,NULL,10,2,1,1,2000,NULL);
INSERT INTO "Notes" VALUES(76,NULL,'With Sync enabled, add-ons can now be synchronized across your computers',NULL,NULL,11,NULL,1,1,100,NULL);
INSERT INTO "Notes" VALUES(77,715396,'Silverlight video may not play on some Macintosh hardware',9,NULL,10,NULL,NULL,1,NULL,NULL);
INSERT INTO "Notes" VALUES(78,690287,'Two-digit browser version numbers may cause a small number of <a href="https://hacks.mozilla.org/2012/01/firefox-goes-2-digit-time-to-check-your-ua-sniffing-scripts/">website incompatibilities</a>',10,NULL,10,NULL,NULL,1,50,NULL);
INSERT INTO "Notes" VALUES(79,NULL,'URLs pasted into the download manager window are now automatically downloaded',NULL,NULL,12,NULL,2,1,NULL,NULL);
INSERT INTO "Notes" VALUES(80,NULL,'Line breaks are now supported in the title attribute',NULL,NULL,12,NULL,2,NULL,NULL,NULL);
INSERT INTO "Notes" VALUES(83,NULL,'Smooth scrolling is now enabled by default',NULL,NULL,13,NULL,2,1,NULL,NULL);
INSERT INTO "Notes" VALUES(84,NULL,'Windows: Firefox is now easier to update with one less prompt (User Account Control)',NULL,NULL,12,NULL,1,1,500,NULL);
INSERT INTO "Notes" VALUES(85,NULL,'Improvements to "Find in Page" to center search result',NULL,NULL,12,NULL,2,1,NULL,NULL);
INSERT INTO "Notes" VALUES(86,NULL,'The <a href="https://developer.mozilla.org/en/CSS/column-fill">column-fill</a> CSS property has been implemented',NULL,NULL,13,NULL,5,NULL,NULL,NULL);
INSERT INTO "Notes" VALUES(87,NULL,'Support for the <a href="https://developer.mozilla.org/en/CSS/text-align-last">text-align-last</a> CSS property has been added',NULL,NULL,12,NULL,5,NULL,NULL,NULL);
INSERT INTO "Notes" VALUES(88,NULL,'Experimental support for ECMAScript 6 <a href="https://developer.mozilla.org/en/JavaScript/Reference/Global_Objects/Map">Map</a> and <a href="https://developer.mozilla.org/en/JavaScript/Reference/Global_Objects/Set">Set</a> objects has been implemented',NULL,NULL,13,NULL,5,NULL,NULL,NULL);
INSERT INTO "Notes" VALUES(91,NULL,'Page Source now has line numbers',NULL,NULL,12,NULL,1,1,50,NULL);
INSERT INTO "Notes" VALUES(92,NULL,'Java applets sometimes caused text input to become unresponsive (<a href="https://bugzilla.mozilla.org/show_bug.cgi?id=718939">bug 718939</a>)',NULL,NULL,10,3,4,1,NULL,NULL);
INSERT INTO "Notes" VALUES(93,NULL,'Security fixes can be <a href="https://www.mozilla.org/security/known-vulnerabilities/firefox.html">found here</a>.',NULL,NULL,10,3,4,NULL,50,NULL);
INSERT INTO "Notes" VALUES(94,711388,'Web workers would sometimes run out of memory, affecting some add-ons used by organizations',NULL,NULL,10,NULL,4,NULL,NULL,3);
INSERT INTO "Notes" VALUES(95,NULL,'Security fixes can be found <a href="https://www.mozilla.org/security/known-vulnerabilities/firefoxESR.html">here</a>',NULL,NULL,10,5,4,3,50,4);
INSERT INTO "Notes" VALUES(97,NULL,'Restored background tabs are not loaded by default for faster startup',NULL,NULL,13,NULL,2,1,NULL,NULL);
INSERT INTO "Notes" VALUES(98,NULL,'When opening a new tab, users are now presented with their most visited pages',NULL,NULL,13,NULL,1,1,150,NULL);
INSERT INTO "Notes" VALUES(99,NULL,'The default home page now has quicker access to bookmarks, history, settings, and more',NULL,NULL,13,NULL,1,1,NULL,NULL);
INSERT INTO "Notes" VALUES(101,NULL,'SPDY protocol now enabled by default for faster browsing on supported sites',NULL,NULL,13,NULL,2,NULL,NULL,NULL);
INSERT INTO "Notes" VALUES(102,NULL,'Support for the CSS3 <a href="https://developer.mozilla.org/en/CSS/background-position">background-position</a> property extended syntax has been added',NULL,NULL,13,NULL,5,NULL,NULL,NULL);
INSERT INTO "Notes" VALUES(103,NULL,'The <a href="https://developer.mozilla.org/en/CSS/%3Ainvalid">:invalid</a> pseudo-class can now be applied to the <form> element',NULL,NULL,13,NULL,5,NULL,NULL,NULL);
INSERT INTO "Notes" VALUES(104,NULL,'The CSS turn <a href="https://developer.mozilla.org/en/CSS/angle">&lt;angle&gt;</a> unit is now supported',NULL,NULL,13,NULL,5,NULL,NULL,NULL);
INSERT INTO "Notes" VALUES(106,713305,'OS X: WebGL performance may be degraded on some hardware',11,NULL,12,NULL,NULL,1,NULL,NULL);
INSERT INTO "Notes" VALUES(107,NULL,'Security fixes can be found <a href="https://www.mozilla.org/security/known-vulnerabilities/firefoxESR.html">here</a>',NULL,NULL,10,NULL,4,NULL,NULL,3);
INSERT INTO "Notes" VALUES(108,NULL,'Various <a href="https://www.mozilla.org/security/known-vulnerabilities/firefox.html">security fixes</a>',NULL,NULL,12,NULL,4,NULL,NULL,NULL);
INSERT INTO "Notes" VALUES(109,NULL,'<a href="http://hacks.mozilla.org/2012/03/firefox-aurora-13-developer-tools-updates/">72 total improvements</a> to Page Inspector, HTML panel, Style Inspector, Scratchpad and Style Editor',NULL,NULL,13,NULL,5,1,50,NULL);
INSERT INTO "Notes" VALUES(110,739141,'Some TinyMCE-based editors failed to load',11,NULL,12,NULL,NULL,NULL,NULL,NULL);
INSERT INTO "Notes" VALUES(111,737535,'Firefox ESR 10.0.3 opened "Whats New" page after update',NULL,NULL,10,5,4,3,NULL,4);
INSERT INTO "Notes" VALUES(112,734848,'extensions.checkCompatibility.* prefs don''t work as expected in ESR releases (',NULL,NULL,10,5,4,3,NULL,4);
INSERT INTO "Notes" VALUES(113,NULL,'Google searches <a href="https://blog.mozilla.org/futurereleases/2012/05/09/rolling-out-https-google-search/">now utilize HTTPS</a>',NULL,NULL,14,NULL,1,NULL,NULL,NULL);
INSERT INTO "Notes" VALUES(114,NULL,' <a href="https://bugzilla.mozilla.org/show_bug.cgi?id=639705">Full screen support</a> for Mac OS X Lion implemented',NULL,NULL,14,NULL,1,1,NULL,NULL);
INSERT INTO "Notes" VALUES(116,NULL,'Tap-to-play is default for plugins',NULL,NULL,14,NULL,1,2,50,NULL);
INSERT INTO "Notes" VALUES(117,NULL,'Improved site identity manager, to <a href="http://blog.mozilla.org/ux/2012/06/site-identity-ui-updates/">prevent spoofing</a> of an SSL connection with favicons',NULL,NULL,14,NULL,2,1,NULL,NULL);
INSERT INTO "Notes" VALUES(118,NULL,'The Awesome Bar now <a href="https://bugzilla.mozilla.org/show_bug.cgi?id=566489">auto-completes typed URLs</a>',NULL,NULL,14,NULL,1,1,NULL,NULL);
INSERT INTO "Notes" VALUES(119,NULL,'<a href="https://developer.mozilla.org/en/API/Pointer_Lock_API ">Pointer Lock API</a> implemented',NULL,NULL,14,NULL,5,NULL,NULL,NULL);
INSERT INTO "Notes" VALUES(120,NULL,'New API to <a href="https://bugzilla.mozilla.org/show_bug.cgi?id=697132">prevent your display from sleeping</a>',NULL,NULL,14,NULL,5,NULL,NULL,NULL);
INSERT INTO "Notes" VALUES(122,NULL,'New text-transform and font-variant <a href="https://developer.mozilla.org/en/Firefox_14_for_developers#CSS">CSS improvements</a> for Turkic languages and Greek',NULL,NULL,14,NULL,5,NULL,NULL,NULL);
INSERT INTO "Notes" VALUES(124,720987,'Focus rings keep growing when repeatedly tabbing through elements',14,NULL,15,NULL,NULL,1,NULL,NULL);
INSERT INTO "Notes" VALUES(125,743598,'GIF animation can gets stuck when src and image size are changed',14,NULL,14,NULL,NULL,NULL,NULL,NULL);
INSERT INTO "Notes" VALUES(126,NULL,'New panning/zooming architecture implemented for better touch responsiveness',NULL,NULL,14,NULL,1,2,NULL,NULL);
INSERT INTO "Notes" VALUES(127,NULL,'Better text readability through font size inflation',NULL,NULL,14,NULL,1,2,810,NULL);
INSERT INTO "Notes" VALUES(128,703056,'Flash is not currently supported on Tegra 2 devices running Gingerbread',14,NULL,14,NULL,NULL,2,NULL,NULL);
INSERT INTO "Notes" VALUES(129,736123,'WebGL on Adreno devices is not currently supported',14,NULL,15,NULL,NULL,2,NULL,NULL);
INSERT INTO "Notes" VALUES(131,707195,'Font inflation may sometimes render inconsistent font sizes on certain pages',14,NULL,NULL,NULL,NULL,2,NULL,NULL);
INSERT INTO "Notes" VALUES(132,727421,'Full screen does not work correctly on Flash video',14,NULL,14,NULL,NULL,2,NULL,NULL);
INSERT INTO "Notes" VALUES(133,695172,'Find on page is not currently supported',NULL,NULL,NULL,NULL,NULL,2,NULL,NULL);
INSERT INTO "Notes" VALUES(136,761206,'Firefox Sync will not behave as expected if multiple Firefox channels are installed on a single device',14,NULL,NULL,NULL,NULL,2,NULL,NULL);
INSERT INTO "Notes" VALUES(137,750511,'Holding the Galaxy Note''s stylus close to the phone dismisses the virtual keyboard on the Awesome Screen',14,NULL,14,NULL,NULL,2,NULL,NULL);
INSERT INTO "Notes" VALUES(138,758885,'CSS :hover regression when an element''s class name is set by Javascript',13,NULL,14,NULL,NULL,1,NULL,NULL);
INSERT INTO "Notes" VALUES(139,752149,'OS X: nsCocoaWindow::ConstrainPosition uses wrong screen in multi-display setup',12,NULL,14,NULL,NULL,1,NULL,NULL);
INSERT INTO "Notes" VALUES(140,NULL,'Preliminary native PDF support (Aurora/Beta only)',NULL,NULL,NULL,NULL,1,1,100,NULL);
INSERT INTO "Notes" VALUES(141,NULL,'Optimized memory usage for add-ons',NULL,NULL,15,NULL,2,1,NULL,NULL);
INSERT INTO "Notes" VALUES(142,NULL,'New layout view added to Inspector',NULL,NULL,15,NULL,5,1,25,NULL);
INSERT INTO "Notes" VALUES(143,NULL,'JavaScript debugger integrated into developer tools',NULL,NULL,15,NULL,5,1,50,NULL);
INSERT INTO "Notes" VALUES(144,NULL,'New responsive design tool allows web developers to switch between desktop and mobile views of sites',NULL,NULL,15,NULL,5,1,NULL,NULL);
INSERT INTO "Notes" VALUES(145,NULL,'Find in page implemented',NULL,NULL,15,NULL,1,2,60,NULL);
INSERT INTO "Notes" VALUES(146,NULL,'Pause, resume, cancel, and retry options added to the download manager',NULL,NULL,15,NULL,2,2,NULL,NULL);
INSERT INTO "Notes" VALUES(147,NULL,'<a href="https://hacks.mozilla.org/2012/08/opus-support-for-webrtc">Native support</a> for the Opus audio codec added',NULL,NULL,15,NULL,3,NULL,NULL,NULL);
INSERT INTO "Notes" VALUES(148,NULL,'Support for SPDY networking protocol v3',NULL,NULL,15,NULL,1,NULL,50,NULL);
INSERT INTO "Notes" VALUES(149,NULL,'The <a href="https://developer.mozilla.org/en/HTML/Element/source">&lt;source&gt;</a>  element now supports the media attribute',NULL,NULL,15,NULL,3,NULL,NULL,NULL);
INSERT INTO "Notes" VALUES(150,NULL,'The <a href="https://developer.mozilla.org/en/HTML/Element/audio">&lt;audio&gt;</a> and <a href="https://developer.mozilla.org/en/HTML/Element/video">&lt;video&gt;</a> elements now support the played attribute',NULL,NULL,15,NULL,3,NULL,NULL,NULL);
INSERT INTO "Notes" VALUES(151,NULL,'The CSS <a href="https://developer.mozilla.org/en/CSS/word-break">word-break</a> property has been implemented.',NULL,NULL,15,NULL,5,NULL,NULL,NULL);
INSERT INTO "Notes" VALUES(152,764546,'Windows Messenger would not load in Hotmail, and the Hotmail inbox would not auto-update',13,NULL,13,NULL,NULL,1,NULL,NULL);
INSERT INTO "Notes" VALUES(153,756850,'Hebrew text would sometimes render incorrectly',13,NULL,13,NULL,NULL,1,NULL,NULL);
INSERT INTO "Notes" VALUES(154,747683,'Flash 11.3 sometimes causes a crash on quit',13,NULL,13,NULL,NULL,1,NULL,NULL);
INSERT INTO "Notes" VALUES(156,NULL,'14.0.1: Various stability and performance fixes',NULL,NULL,14,NULL,4,2,NULL,1);
INSERT INTO "Notes" VALUES(157,769269,'14.0.1: "Don''t keep activities" Android 4.x developer option prevents pages from loading',NULL,NULL,14,NULL,NULL,2,NULL,1);
INSERT INTO "Notes" VALUES(158,736073,'14.0.1: Screen locks while Flash videos playing',NULL,NULL,14,NULL,NULL,2,NULL,1);
INSERT INTO "Notes" VALUES(159,758361,'14.0.1: Zooming resets once page is fully loaded',NULL,NULL,14,NULL,NULL,2,NULL,1);
INSERT INTO "Notes" VALUES(160,765150,'14.0.1: Purple screen when playing HTML5 videos on some Motorola devices',NULL,NULL,14,NULL,NULL,2,NULL,1);
INSERT INTO "Notes" VALUES(161,NULL,'Various <a href="https://www.mozilla.org/security/known-vulnerabilities/firefox.html">security fixes</a>',NULL,NULL,14,NULL,4,NULL,NULL,1);
INSERT INTO "Notes" VALUES(162,NULL,'High precision event timer implemented',NULL,NULL,15,NULL,5,NULL,NULL,NULL);
INSERT INTO "Notes" VALUES(163,NULL,'WebGL enhancements, including compressed textures for better performance ',NULL,NULL,15,NULL,1,1,30,NULL);
INSERT INTO "Notes" VALUES(164,NULL,'Native UI for tablets, including faster startup and a beautiful new Awesome Bar!',NULL,NULL,15,NULL,1,2,500,NULL);
INSERT INTO "Notes" VALUES(165,NULL,'Desktop sites can now be requested from the menu',NULL,NULL,15,NULL,1,2,400,NULL);
INSERT INTO "Notes" VALUES(166,NULL,'Even better tabs experience - now includes swipe to close',NULL,NULL,15,NULL,1,2,300,NULL);
INSERT INTO "Notes" VALUES(167,NULL,'Specific types of private data can now be cleared from the Settings',NULL,NULL,15,NULL,2,2,NULL,NULL);
INSERT INTO "Notes" VALUES(168,NULL,'Bookmarks and history can now be imported from the stock browser in the Settings',NULL,NULL,15,NULL,1,2,NULL,NULL);
INSERT INTO "Notes" VALUES(169,NULL,'Initial <a href="https://developer.mozilla.org/en-US/docs/Apps/Getting_Started">web app support</a> (Windows/Mac/Linux)',NULL,NULL,16,NULL,1,1,100,NULL);
INSERT INTO "Notes" VALUES(170,NULL,'Firefox on Mac OS X now has preliminary VoiceOver support turned on by default',NULL,NULL,16,NULL,1,1,200,NULL);
INSERT INTO "Notes" VALUES(171,650355,'No longer supporting MD5 as a hash algorithm in digital signatures ',NULL,NULL,16,NULL,1,NULL,NULL,NULL);
INSERT INTO "Notes" VALUES(173,772341,'Opus support by default',NULL,NULL,16,NULL,2,NULL,NULL,NULL);
INSERT INTO "Notes" VALUES(174,687724,'Per tab reporting in about:memory',NULL,NULL,16,NULL,2,1,NULL,NULL);
INSERT INTO "Notes" VALUES(175,NULL,'CSS3 Animations, Transitions, Transforms and Gradients <a href="https://hacks.mozilla.org/2012/07/aurora-16-is-out/">unprefixed in Firefox 16</a>',NULL,NULL,16,NULL,5,NULL,400,NULL);
INSERT INTO "Notes" VALUES(176,655920,'Reverse animation direction has been implemented',NULL,NULL,16,NULL,5,1,NULL,NULL);
INSERT INTO "Notes" VALUES(177,NULL,'New Developer Toolbar with buttons for quick access to tools, error count for the Web Console, and a new command line for quick keyboard access',NULL,NULL,16,NULL,5,1,600,NULL);
INSERT INTO "Notes" VALUES(178,NULL,'Recently opened files list in Scratchpad implemented',NULL,NULL,16,NULL,5,1,NULL,NULL);
INSERT INTO "Notes" VALUES(179,728831,'User Agent strings for pre-release Firefox versions now show only major version',NULL,NULL,16,NULL,5,1,NULL,NULL);
INSERT INTO "Notes" VALUES(181,769150,'Pointer lock doesn''t work in web apps',16,NULL,17,2,NULL,1,NULL,NULL);
INSERT INTO "Notes" VALUES(182,770409,'PDF files hang while loading',NULL,NULL,NULL,NULL,NULL,1,NULL,NULL);
INSERT INTO "Notes" VALUES(183,767779,'Animated gif stops animating',NULL,NULL,NULL,NULL,NULL,1,NULL,NULL);
INSERT INTO "Notes" VALUES(184,695173,'Support for text selection in static web content',NULL,NULL,16,NULL,1,2,NULL,NULL);
INSERT INTO "Notes" VALUES(186,770047,'Quick black screen flash on startup with 4.1 (Jelly Bean)',14,NULL,15,NULL,NULL,2,NULL,NULL);
INSERT INTO "Notes" VALUES(187,770291,'Holding backspace may delete text both in front of and behind the cursor',14,NULL,19,NULL,4,2,NULL,NULL);
INSERT INTO "Notes" VALUES(189,NULL,'Reader Mode implemented for easy readability - just tap the book icon next to the URL',NULL,NULL,16,NULL,1,2,400,NULL);
INSERT INTO "Notes" VALUES(191,769893,'14.0.2: JellyBean pinch-to-zoom crashiness',NULL,NULL,14,NULL,4,2,500,2);
INSERT INTO "Notes" VALUES(192,NULL,'Silent, background updates',15,NULL,15,NULL,1,1,1000,NULL);
INSERT INTO "Notes" VALUES(193,783393,'Debugger breakpoints do not catch on page reload',15,NULL,16,2,NULL,1,500,NULL);
INSERT INTO "Notes" VALUES(194,784757,'Kyocera Echo temporarily de-supported due to stability issues',15,NULL,16,2,NULL,2,500,NULL);
INSERT INTO "Notes" VALUES(195,695173,'Basic support for text selection in web content (static text areas)',NULL,NULL,15,NULL,NULL,2,400,NULL);
INSERT INTO "Notes" VALUES(196,770928,'Copy/paste functionality restored',14,NULL,15,NULL,NULL,2,300,NULL);
INSERT INTO "Notes" VALUES(197,674770,'Contenteditable breaks middle-click to open links',NULL,NULL,10,5,NULL,NULL,NULL,7);
INSERT INTO "Notes" VALUES(198,452781,'Allow specifying wildcard that matches all simple netbiosnames in network.automatic-ntlm-auth.trusted-uris',NULL,NULL,10,5,NULL,3,NULL,7);
INSERT INTO "Notes" VALUES(199,NULL,'Localization in Maithili <a href="http://www.mozilla.org/en-US/firefox/all.html">(see all available locales)</a>',15,NULL,15,NULL,1,1,10,NULL);
INSERT INTO "Notes" VALUES(200,NULL,'Enhanced Search in the Firefox Awesomebar (<a href="http://ianbarlow.wordpress.com/2012/03/09/enhanced-search-in-the-firefox-awesomebar/">blog post</a>',15,NULL,15,NULL,NULL,2,300,NULL);
INSERT INTO "Notes" VALUES(202,NULL,'Use the "Share" menu item to send tabs to desktop/mobile devices through the "Firefox Sync" option',NULL,NULL,16,NULL,1,2,NULL,NULL);
INSERT INTO "Notes" VALUES(203,NULL,'Improvements around JavaScript responsiveness through <a href="https://blog.mozilla.org/javascript/2012/08/28/incremental-gc-in-firefox-16/">incremental garbage collection</a>',NULL,NULL,16,NULL,2,NULL,NULL,NULL);
INSERT INTO "Notes" VALUES(204,NULL,'Acholi and Kazakh localizations added',NULL,NULL,16,NULL,1,1,NULL,NULL);
INSERT INTO "Notes" VALUES(205,NULL,'Updated Awesome Bar experience with larger icons',NULL,NULL,17,NULL,2,1,500,NULL);
INSERT INTO "Notes" VALUES(206,NULL,'<a href="https://developer.mozilla.org/en-US/docs/HTML/Element/iframe#attr-sandbox">Sandbox</a> attribute for iframes implemented, enabling increased security',NULL,NULL,17,NULL,3,NULL,NULL,NULL);
INSERT INTO "Notes" VALUES(207,NULL,'SVG FillPaint and StrokePaint implemented ',NULL,NULL,17,NULL,5,NULL,NULL,NULL);
INSERT INTO "Notes" VALUES(208,780345,'Page scrolling on sites with fixed headers',17,NULL,17,NULL,4,1,NULL,NULL);
INSERT INTO "Notes" VALUES(209,NULL,'Over twenty performance improvements, including fixes around the New Tab page',NULL,NULL,17,NULL,4,1,NULL,NULL);
INSERT INTO "Notes" VALUES(210,NULL,'New Markup panel in the Page Inspector allows easy editing of the DOM',NULL,NULL,17,NULL,5,1,NULL,NULL);
INSERT INTO "Notes" VALUES(211,NULL,'Improvements that make the Web Console, Debugger and Developer Toolbar faster and easier to use',NULL,NULL,17,NULL,5,1,NULL,NULL);
INSERT INTO "Notes" VALUES(213,NULL,'Android 4/4.1: hardware and software decoder support for h.264 video',NULL,NULL,17,NULL,1,2,NULL,NULL);
INSERT INTO "Notes" VALUES(214,NULL,'Initial web app support',NULL,NULL,17,NULL,1,2,NULL,NULL);
INSERT INTO "Notes" VALUES(215,NULL,'Jellybean support for Explore by Touch',NULL,NULL,17,NULL,1,2,NULL,NULL);
INSERT INTO "Notes" VALUES(216,NULL,'JavaScript Maps and Sets are now iterable',NULL,NULL,17,NULL,5,NULL,NULL,NULL);
INSERT INTO "Notes" VALUES(218,787743,'Sites visited while in Private Browsing mode could be found through manual browser cache inspection',NULL,NULL,15,3,4,1,500,1);
INSERT INTO "Notes" VALUES(219,780543,'Holding backspace causes enormous repeats of content',15,3,15,3,4,2,500,1);
INSERT INTO "Notes" VALUES(220,NULL,'tel: URLs crafted to maliciously wipe your phone can no longer be opened',NULL,NULL,16,NULL,1,2,NULL,NULL);
INSERT INTO "Notes" VALUES(221,NULL,'Click-to-play blocklisting implemented to prevent vulnerable plugin versions from running without the user''s permission (see <a href="http://blog.mozilla.org/addons/2012/10/11/click-to-play-coming-firefox-17/">blog post</a>)',17,NULL,17,NULL,1,1,NULL,NULL);
INSERT INTO "Notes" VALUES(222,NULL,'Support for Retina Display on OS X 10.7 and up',NULL,NULL,18,NULL,1,1,950,NULL);
INSERT INTO "Notes" VALUES(223,NULL,'Experience better image quality with our new HTML scaling algorithm ',NULL,NULL,18,NULL,2,1,900,NULL);
INSERT INTO "Notes" VALUES(224,62178,'Disable insecure content loading on HTTPS pages through an about:config pref',NULL,NULL,18,NULL,NULL,NULL,500,NULL);
INSERT INTO "Notes" VALUES(225,NULL,'Support for new DOM property window.devicePixelRatio',NULL,NULL,18,NULL,5,NULL,500,NULL);
INSERT INTO "Notes" VALUES(226,NULL,'Support for W3C touch events implemented, taking the place of MozTouch events',NULL,NULL,18,NULL,3,1,750,NULL);
INSERT INTO "Notes" VALUES(227,NULL,'Support for <a href="http://143th.net/post/32874476488/transferable-objects-for-ff">Transferable objects</a> ',NULL,NULL,18,NULL,4,4,300,NULL);
INSERT INTO "Notes" VALUES(228,NULL,'<a href="https://developer.mozilla.org/en-US/docs/CSS/Using_CSS_flexible_boxes?redirectlocale=en-US&redirectslug=CSS%2FFlexbox">CSS3 Flexbox</a> implemented and enabled by default',NULL,NULL,22,NULL,5,NULL,1000,NULL);
INSERT INTO "Notes" VALUES(229,NULL,'Improvement in startup time through smart handling of signed extension certificates',NULL,NULL,18,NULL,5,1,NULL,NULL);
INSERT INTO "Notes" VALUES(232,NULL,'Performance improvements around tab switching',NULL,NULL,18,NULL,2,1,500,NULL);
INSERT INTO "Notes" VALUES(235,586885,'Opt-in for search suggestions when entering text into the Awesome Bar',NULL,NULL,18,NULL,2,2,NULL,NULL);
INSERT INTO "Notes" VALUES(236,NULL,'Integration with Google Now search widget',NULL,NULL,18,NULL,1,2,900,NULL);
INSERT INTO "Notes" VALUES(237,NULL,'<a href="http://www.morbo.org/2012/10/phishing-protection-on-mobile.html">Safe Browsing enabled</a>',NULL,NULL,18,NULL,1,2,900,NULL);
INSERT INTO "Notes" VALUES(238,NULL,'Support for loading new fonts delivered with Firefox',NULL,NULL,18,NULL,2,2,500,NULL);
INSERT INTO "Notes" VALUES(241,NULL,'16.0.1: Vulnerability outlined <a href="https://blog.mozilla.org/security/2012/10/10/security-vulnerability-in-firefox-16/">here</a>',NULL,NULL,16,NULL,4,NULL,NULL,1);
INSERT INTO "Notes" VALUES(242,NULL,'16.0.1: CyanogenMod 10 stability issues',NULL,NULL,16,NULL,4,2,NULL,1);
INSERT INTO "Notes" VALUES(243,NULL,'Preliminary support for WebRTC',NULL,NULL,18,NULL,1,1,100,NULL);
INSERT INTO "Notes" VALUES(244,769764,'Improved responsiveness for users on proxies',18,NULL,18,NULL,4,1,NULL,NULL);
INSERT INTO "Notes" VALUES(245,NULL,'Support for ARMv6 phones with at least 800MHZ processor and minimum 512MB RAM',17,NULL,17,NULL,1,2,500,NULL);
INSERT INTO "Notes" VALUES(246,NULL,'Profile size reduction and IO improvements due to SafeBrowsing',17,NULL,17,NULL,1,2,NULL,NULL);
INSERT INTO "Notes" VALUES(248,802274,'Starting Firefox with -private flag incorrectly claims you are not in Private Browsing mode',18,NULL,19,NULL,NULL,1,NULL,NULL);
INSERT INTO "Notes" VALUES(249,811657,'Android 4.2 instability',16,NULL,17,NULL,4,2,NULL,NULL);
INSERT INTO "Notes" VALUES(250,812480,'Android 4.2: TalkBack announces that a page finished loading only after one touches the display',17,NULL,18,NULL,NULL,2,NULL,NULL);
INSERT INTO "Notes" VALUES(251,NULL,'Built-in PDF viewer',NULL,NULL,19,NULL,1,1,NULL,NULL);
INSERT INTO "Notes" VALUES(252,NULL,'Mac OS X 10.5 is <a href="https://blog.mozilla.org/futurereleases/2012/10/04/we-bid-you-adieu-spotted-cat/">no longer supported</a>',NULL,NULL,17,NULL,2,1,NULL,NULL);
INSERT INTO "Notes" VALUES(254,NULL,'Added theme support',NULL,NULL,19,NULL,1,2,NULL,NULL);
INSERT INTO "Notes" VALUES(255,NULL,'Lowered minimum CPU requirement to 600MHz',NULL,NULL,19,NULL,2,2,NULL,NULL);
INSERT INTO "Notes" VALUES(257,NULL,'Startup performance improvements (<a href="https://bugzilla.mozilla.org/buglist.cgi?quicksearch=715402%2C756313">bugs 715402 and 756313</a>)',NULL,NULL,19,NULL,2,1,NULL,NULL);
INSERT INTO "Notes" VALUES(258,NULL,'CSS <a href="https://developer.mozilla.org/en-US/docs/CSS/length#Viewport-percentage_lengths">viewport-percentage length units</a> implemented (vh, vw, vmin and vmax)',NULL,NULL,19,NULL,3,NULL,NULL,NULL);
INSERT INTO "Notes" VALUES(259,NULL,'CSS text-transform now supports <a href="https://developer.mozilla.org/en-US/docs/CSS/text-transform">full-width</a>',NULL,NULL,19,NULL,3,NULL,NULL,NULL);
INSERT INTO "Notes" VALUES(260,NULL,'CSS <a href="https://developer.mozilla.org/en-US/docs/CSS/@page">@page</a> is now supported',NULL,NULL,19,NULL,3,NULL,NULL,NULL);
INSERT INTO "Notes" VALUES(261,NULL,'Canvas elements can export their content as an image blob using <a href="https://hacks.mozilla.org/2012/10/firefox-development-highlights-viewport-percentage-canvas-toblob-and-webrtc/">canvas.toBlob()</a>',NULL,NULL,19,NULL,2,NULL,NULL,NULL);
INSERT INTO "Notes" VALUES(262,NULL,'Remote Web Console is available for connecting to Firefox on Android or Firefox OS (experimental, set devtools.debugger.remote-enabled to true)',NULL,NULL,19,NULL,5,1,NULL,NULL);
INSERT INTO "Notes" VALUES(263,NULL,'Web Console CSS links now open in the Style Editor',NULL,NULL,19,NULL,5,1,NULL,NULL);
INSERT INTO "Notes" VALUES(264,NULL,'Debugger now supports pausing on exceptions and hiding non-enumerable properties',NULL,NULL,19,NULL,5,1,NULL,NULL);
INSERT INTO "Notes" VALUES(265,NULL,'There is now a Browser Debugger available for add-on and browser developers (experimental, set devtools.chrome.enabled to true)',NULL,NULL,19,NULL,5,1,NULL,NULL);
INSERT INTO "Notes" VALUES(266,NULL,'17.0.1: Font rendering issue in Firefox 17.0 (<a href="http://bugzil.la/814101">bug 814101</a>)',17,NULL,17,3,4,1,500,1);
INSERT INTO "Notes" VALUES(267,NULL,'17.0.1: Reverted user agent change causing some website incompatibilities',17,NULL,17,3,4,1,400,1);
INSERT INTO "Notes" VALUES(268,815042,'17.0.1: Leaving Private Browsing with Social API enabled should reset social components',17,3,17,3,4,1,300,1);
INSERT INTO "Notes" VALUES(269,NULL,'Faster JavaScript performance via IonMonkey compiler',NULL,NULL,18,NULL,1,NULL,1000,NULL);
INSERT INTO "Notes" VALUES(270,825734,'Plugins stop rendering when the top half of the plugin is scrolled off the top of the page, in HiDPI mode',18,NULL,19,NULL,NULL,1,NULL,NULL);
INSERT INTO "Notes" VALUES(271,825205,'Certain valid WebGL drawing operations are incorrectly rejected,
leaving incomplete rendering in affected pages',18,NULL,19,NULL,NULL,NULL,NULL,NULL);
INSERT INTO "Notes" VALUES(272,NULL,'Support for Traditional Chinese and Simplified Chinese localizations',NULL,NULL,19,NULL,1,2,NULL,NULL);
INSERT INTO "Notes" VALUES(273,NULL,'Per-window Private Browsing. <a href="https://support.mozilla.org/en-US/kb/private-browsing-browse-web-without-saving-info">Learn more</a>.',20,NULL,20,NULL,1,1,1000,NULL);
INSERT INTO "Notes" VALUES(274,NULL,'New download experience. <a href="https://support.mozilla.org/en-US/kb/find-and-manage-downloaded-files?esab=a&s=download+manager&r=0&as=s#os=mac&browser=fx20">Learn more</a>.',20,NULL,20,NULL,1,1,900,NULL);
INSERT INTO "Notes" VALUES(275,NULL,'Ability to close hanging plugins, without the browser hanging',NULL,NULL,20,NULL,1,1,500,NULL);
INSERT INTO "Notes" VALUES(276,NULL,'Continued performance improvements around common browser tasks (<a href="https://bugzilla.mozilla.org/show_bug.cgi?id=792438">page loads</a>, <a href="https://bugzilla.mozilla.org/show_bug.cgi?id=789932">downloads</a>, <a href="https://bugzilla.mozilla.org/buglist.cgi?quicksearch=818296%2C818739">shutdown</a>, etc.)',NULL,NULL,20,NULL,2,1,NULL,NULL);
INSERT INTO "Notes" VALUES(277,NULL,'New JavaScript Profiler tool',NULL,NULL,20,NULL,5,1,NULL,NULL);
INSERT INTO "Notes" VALUES(278,NULL,'Per-tab private browsing',NULL,NULL,20,NULL,1,2,'1000
1000',NULL);
INSERT INTO "Notes" VALUES(279,NULL,'Gingerbread and Honeycomb support for H.264/AAC/MP3 hardware decoders',NULL,NULL,20,NULL,1,2,NULL,NULL);
INSERT INTO "Notes" VALUES(280,NULL,'System requirements have been lowered to 384MB of RAM and QVGA displays',NULL,NULL,20,NULL,2,2,NULL,NULL);
INSERT INTO "Notes" VALUES(281,NULL,'Continued implementation of draft ECMAScript 6 - <a href="https://bugzilla.mozilla.org/show_bug.cgi?id=814562">clear()</a> and <a href="https://bugzilla.mozilla.org/show_bug.cgi?id=808148">Math.imul</a>',NULL,NULL,20,NULL,5,NULL,NULL,NULL);
INSERT INTO "Notes" VALUES(282,NULL,'getUserMedia implemented for web access to the user''s camera and microphone (with user permission)',NULL,NULL,20,NULL,3,1,500,NULL);
INSERT INTO "Notes" VALUES(283,NULL,'&lt;canvas&gt; now supports <a href="https://hacks.mozilla.org/2012/12/firefox-development-highlights-per-window-private-browsing-canvas-globalcompositeoperation-new-values/">blend modes</a>',NULL,NULL,20,NULL,3,NULL,NULL,NULL);
INSERT INTO "Notes" VALUES(284,NULL,'Various &lt;audio&gt; and &lt;video&gt; <a href="http://blog.pearce.org.nz/2012/12/html5-video-playbackrate-and-ogg.html">improvements</a>',NULL,NULL,20,NULL,3,NULL,NULL,NULL);
INSERT INTO "Notes" VALUES(286,NULL,'Animated Personas or Themes now require a workaround. See <a href = "https://support.mozilla.org/en-US/kb/animated-persona-stops-working">this support page</a>)',18,NULL,NULL,NULL,NULL,1,NULL,NULL);
INSERT INTO "Notes" VALUES(287,NULL,'18.0.1 Problems involving HTTP Proxy Transactions (<a href="http://bugzil.la/828632">bug 828632,</a><a href="http://bugzil.la/828202">bug 828202,</a></a><a href="http://bugzil.la/828202">bug 828202,</a></a><a href="http://bugzil.la/829646">bug 829646,</a>)',18,NULL,18,3,4,1,1500,1);
INSERT INTO "Notes" VALUES(288,NULL,'18.0.1 Unity player crashes on Mac OS X (<a href="http://bugzil.la/828954">bug 828954</a>)',18,NULL,18,3,4,1,1400,1);
INSERT INTO "Notes" VALUES(289,NULL,'18.0.1 Disabled HIDPI support only on external monitors to avoid rendering glitches (<a href="http://bugzil.la/ 814434">bug  814434</a>)',18,NULL,18,3,4,1,1300,1);
INSERT INTO "Notes" VALUES(290,NULL,'18.0.2: Fix JavaScript related stability issues',18,NULL,18,3,4,1,1500,1);
INSERT INTO "Notes" VALUES(291,824483,'Tablets - home tab thumbnails may appear cut off',19,NULL,20,NULL,NULL,2,NULL,NULL);
INSERT INTO "Notes" VALUES(292,833719,'Some function keys may not work when pressed',19,NULL,21,NULL,'',1,NULL,NULL);
INSERT INTO "Notes" VALUES(293,NULL,'Enhanced <a href=" https://blog.mozilla.org/privacy/2013/01/28/newdntui/">three-state UI for Do Not Track (DNT) </a>
','',NULL,21,NULL,1,1,900,NULL);
INSERT INTO "Notes" VALUES(294,NULL,'Shipping <a href="https://blog.mozilla.org/ux/2013/03/improved-type-on-firefox-for-android/">Open Sans and Charis</a> fonts for Web Content',NULL,NULL,21,NULL,1,2,1000,NULL);
INSERT INTO "Notes" VALUES(295,NULL,'Removed <a href="https://developer.mozilla.org/en-US/docs/E4X">E4X</a> support from Spidermonkey','',NULL,21,NULL,2,NULL,NULL,NULL);
INSERT INTO "Notes" VALUES(296,NULL,'Implemented <a href="http://updates.html5rocks.com/2012/03/A-New-Experimental-Feature-style-scoped">scoped stylesheets</a> ','',NULL,21,NULL,3,NULL,NULL,NULL);
INSERT INTO "Notes" VALUES(298,NULL,'Added support for <a href=" https://developer.mozilla.org/en-US/docs/HTML/Element/main">&lt;main&gt;</a> element','',NULL,21,NULL,3,NULL,1000,NULL);
INSERT INTO "Notes" VALUES(299,NULL,'DOM/content implemententation for &lt;input type=''time''&gt; <a href="https://bugzilla.mozilla.org/buglist.cgi?quicksearch=777283%2C781569%2C781570%2C781572%2C781573%2C;list_id=5727927">Associated bugs</a>',NULL,NULL,21,NULL,5,2,NULL,NULL);
INSERT INTO "Notes" VALUES(300,NULL,'Ability to restore removed thumbnails on New tab Page','',NULL,21,NULL,2,1,500,NULL);
INSERT INTO "Notes" VALUES(301,NULL,'Preliminary implementation of Firefox Health Report <a href="https://blog.mozilla.org/metrics/fhr-faq/">(see FAQ)</a>',NULL,NULL,21,NULL,1,1,1000,NULL);
INSERT INTO "Notes" VALUES(302,NULL,'Firefox will suggest how to improve your application startup time if needed',NULL,NULL,21,NULL,1,1,500,NULL);
INSERT INTO "Notes" VALUES(303,NULL,'Integrated, Add-on SDK loader and API libraries into Firefox','',NULL,21,NULL,5,NULL,NULL,NULL);
INSERT INTO "Notes" VALUES(304,NULL,'Polished UI based on Holo theme',NULL,NULL,21,NULL,2,2,1000,NULL);
INSERT INTO "Notes" VALUES(305,NULL,'Top Sites in about:home are now customizable',NULL,NULL,20,NULL,1,2,NULL,NULL);
INSERT INTO "Notes" VALUES(306,777639,'Download Manager page is not updated after clearing private data','',NULL,21,NULL,4,2,NULL,NULL);
INSERT INTO "Notes" VALUES(307,NULL,'Graphics related performance improvements (<a href="https://bugzilla.mozilla.org/show_bug.cgi?id=809821">bug 809821</a>)',NULL,NULL,21,NULL,2,NULL,NULL,NULL);
INSERT INTO "Notes" VALUES(308,NULL,'Add-ons <ahref="http://blog.bonardo.net/2013/01/29/add-ons-devs-heads-up-history-api-removals-in-places">History API removals</a> in Places','',NULL,21,NULL,2,NULL,NULL,NULL);
INSERT INTO "Notes" VALUES(309,NULL,'XBL Scopes Enabled (<a href="https://bugzilla.mozilla.org/show_bug.cgi?id=834697">bugs 834697</a>)',NULL,NULL,21,NULL,2,'Null
',NULL,NULL);
INSERT INTO "Notes" VALUES(310,NULL,'Implemented <a href="http://anton.kovalyov.net/2013/02/22/remote-profiling/">Remote Profiling</a>','',NULL,21,NULL,5,NULL,1000,NULL);
INSERT INTO "Notes" VALUES(311,793972,'Details button on Crash Reporter',NULL,NULL,20,NULL,4,1,NULL,NULL);
INSERT INTO "Notes" VALUES(312,808408,'hide virtual keyboard when bookmarks list is opened',NULL,NULL,20,2,4,2,NULL,NULL);
INSERT INTO "Notes" VALUES(313,829284,'Unity plugin doesn''t display in HiDPI mode',NULL,NULL,20,NULL,4,1,NULL,NULL);
INSERT INTO "Notes" VALUES(314,NULL,'The ''Quit'' menu item has been removed from Firefox versions running on ICS and higher to follow Android convention. When done browsing just tap Home or Back. Use the <a href="https://addons.mozilla.org/en-US/android/addon/quitnow/">QuitNow</a> add-on if you want more control',NULL,NULL,20,2,2,2,1500,NULL);
INSERT INTO "Notes" VALUES(315,817828,'Black area near tabs button after the URL bar is animated',20,NULL,20,NULL,4,2,NULL,NULL);
INSERT INTO "Notes" VALUES(316,NULL,'CSS -moz-user-select:none selection changed to improve compatibility with -webkit-user-select:none (<a href="https://bugzilla.mozilla.org/show_bug.cgi?id=816298">bug 816298</a>)',NULL,NULL,21,NULL,2,NULL,NULL,NULL);
INSERT INTO "Notes" VALUES(317,829454,'''Video can''t be played because the file is corrupt'' on some HTC Gingerbread (Android 2.3) devices',20,NULL,NULL,NULL,NULL,2,NULL,NULL);
INSERT INTO "Notes" VALUES(318,NULL,'StageFright blocklisted for some graphics drivers, see <a href="https://wiki.mozilla.org/Blocklisting/Blocked_Graphics_Drivers#On_Android_2"> list</a> and block will be removed for many Android versions in <a href="https://bugzilla.mozilla.org/show_bug.cgi?id=823253">bug 823253</a>',17,NULL,NULL,NULL,NULL,2,NULL,NULL);
INSERT INTO "Notes" VALUES(319,847627,'Browsing and Download history clearing needs unification to avoid confusion on clearing download history',20,NULL,21,1,NULL,1,NULL,NULL);
INSERT INTO "Notes" VALUES(320,853463,'Download statusbar add-on continues downloading files from Normal Browsing, when switching to Private Browsing',NULL,NULL,NULL,999,NULL,1,NULL,NULL);
INSERT INTO "Notes" VALUES(321,844676,' gUM <video> surface not available immediately in dual-GPU MacBooks',NULL,NULL,NULL,NULL,NULL,1,NULL,NULL);
INSERT INTO "Notes" VALUES(322,833351,'Private Browsing - can''t see URL bar text on variant of HTC Sense UI (Froyo)',20,NULL,NULL,NULL,NULL,2,NULL,NULL);
INSERT INTO "Notes" VALUES(323,840593,'In content UI cut off on small screens',NULL,NULL,21,1,NULL,2,NULL,NULL);
INSERT INTO "Notes" VALUES(325,NULL,'Ability to save media files on long tap',NULL,NULL,21,NULL,1,2,900,NULL);
INSERT INTO "Notes" VALUES(785342,NULL,'Windows: Firefox now follows display scaling options to render text larger on high-res displays',NULL,NULL,22,NULL,1,1,NULL,NULL);
INSERT INTO "Notes" VALUES(785343,NULL,'Mac OS X: Download progress in Dock application icon',NULL,NULL,22,NULL,1,1,NULL,NULL);
INSERT INTO "Notes" VALUES(785344,NULL,'Ability to only allow cookies <a href="https://blog.mozilla.org/privacy/2013/02/25/firefox-getting-smarter-about-third-party-cookies/">from sites you''ve visited</a>',NULL,NULL,999,NULL,1,1,NULL,NULL);
INSERT INTO "Notes" VALUES(785345,NULL,'HTML5 audio/video playback rate can now be changed',NULL,NULL,22,NULL,1,1,NULL,NULL);
INSERT INTO "Notes" VALUES(785346,NULL,'Pointer Lock API can now be used outside of fullscreen',NULL,NULL,22,NULL,2,1,NULL,NULL);
INSERT INTO "Notes" VALUES(785347,NULL,'New built-in font inspector',NULL,NULL,22,NULL,5,1,NULL,NULL);
INSERT INTO "Notes" VALUES(785348,NULL,'AddedclipboardData API for JavaScript access to a user''s clipboard','',NULL,22,NULL,5,1,NULL,NULL);
INSERT INTO "Notes" VALUES(785349,NULL,'Navigation Bar now hides when scrolling through a website',NULL,NULL,999,NULL,1,2,NULL,NULL);
INSERT INTO "Notes" VALUES(785350,NULL,'Smaller tablets will now get the full tablet UI',NULL,NULL,22,NULL,1,2,NULL,NULL);
INSERT INTO "Notes" VALUES(785351,NULL,'New HTML5 <a href="https://bugzilla.mozilla.org/show_bug.cgi?id=839371">&lt;data&gt;</a> and <a href="https://bugzilla.mozilla.org/show_bug.cgi?id=629801">&lt;time&gt;</a>elements',NULL,NULL,22,NULL,3,NULL,NULL,NULL);
INSERT INTO "Notes" VALUES(785353,NULL,'New Web Notifications API implemented',NULL,NULL,22,NULL,5,NULL,NULL,NULL);
INSERT INTO "Notes" VALUES(785354,NULL,'Improved memory usage and display time <a href="https://bugzilla.mozilla.org/buglist.cgi?quicksearch=716140%2C689623%2C661304">when rendering images</a>',NULL,NULL,22,NULL,2,1,NULL,NULL);
INSERT INTO "Notes" VALUES(785355,NULL,'Improved WebGL rendering performance through <a href="https://bugzilla.mozilla.org/buglist.cgi?quicksearch=829747">asynchronous canvas updates</a>',NULL,NULL,22,NULL,2,NULL,NULL,NULL);
INSERT INTO "Notes" VALUES(785356,NULL,'Plain text files displayed within Firefox will now word-wrap',NULL,NULL,22,NULL,2,NULL,NULL,NULL);
INSERT INTO "Notes" VALUES(785357,829952,'Scrolling using some high-resolution-scroll aware touchpads feels slow',NULL,NULL,22,NULL,NULL,1,NULL,NULL);
INSERT INTO "Notes" VALUES(785358,NULL,'20.0.1 - Windows-only update to handle issues around handling UNC paths (see <a href="http://bugzil.la/846848">bug 846848</a>)',20,3,20,NULL,4,1,1000,1);
INSERT INTO "Notes" VALUES(785359,NULL,'20.0.1 update to fix ANR hangs and DB-lock related crashes on older devices',20,3,20,3,4,2,1000,1);
INSERT INTO "Notes" VALUES(785360,NULL,'Mixed content blocking enabled to protects our users from man-in-the-middle attacks and eavesdroppers on HTTPS pages (<a href="https://blog.mozilla.org/security/2013/05/16/mixed-content-blocking-in-firefox-aurora/">learn more</a>)',23,1,23,NULL,1,1,1000,NULL);
INSERT INTO "Notes" VALUES(785361,NULL,'Support for new scrollbar style in Mac OSX 10.7 and newer',NULL,NULL,23,1,1,1,NULL,NULL);
INSERT INTO "Notes" VALUES(785362,NULL,'Support bounce behavior when reaching top and bottom of documents on Mac OSX 10.7 and newer',NULL,NULL,23,1,1,1,NULL,NULL);
INSERT INTO "Notes" VALUES(785363,NULL,'Added animations for swipe navigation in Mac OSX 10.7 and newer',NULL,NULL,23,1,1,1,NULL,NULL);
INSERT INTO "Notes" VALUES(785364,NULL,'Implemented a global browser console',NULL,NULL,23,1,5,1,NULL,NULL);
INSERT INTO "Notes" VALUES(785365,NULL,'Write more accessible pages on touch interfaces with new ARIA role for key buttons',NULL,NULL,23,1,5,NULL,NULL,NULL);
INSERT INTO "Notes" VALUES(785366,NULL,'Dropped blink effect from text-decoration: blink; and completely removed &lt;blink&gt; element ',NULL,NULL,23,1,5,NULL,1000,NULL);
INSERT INTO "Notes" VALUES(785367,NULL,'Consolidated search default preference now lets users switch to another search provider in the search box and change the setting for addressbar and context search',NULL,NULL,23,1,2,1,1000,NULL);
INSERT INTO "Notes" VALUES(785368,NULL,'Support a full share panel (Social API)',NULL,NULL,23,1,5,1,NULL,NULL);
INSERT INTO "Notes" VALUES(785370,NULL,'"Load images automatically", "Enable JavaScript", and Always show the tab bar" checkboxes removed from preferences',NULL,NULL,23,1,2,1,NULL,NULL);
INSERT INTO "Notes" VALUES(785372,NULL,'Implemented switch-to-tab',NULL,NULL,23,1,1,2,NULL,NULL);
INSERT INTO "Notes" VALUES(785373,NULL,'Specify a default search engine',NULL,NULL,23,1,1,2,NULL,NULL);
INSERT INTO "Notes" VALUES(785374,NULL,'Added a setting to let users display URLs in the title bar instead of page titles. Read more in the <a href="https://blog.mozilla.org/ux/2013/05/polish-all-the-things1/">ux blogpost</a>.',NULL,NULL,23,1,1,2,900,NULL);
INSERT INTO "Notes" VALUES(785375,NULL,'Long press Reader Mode icon to add article to Reading List (try it!)',NULL,NULL,23,1,1,2,1000,NULL);
INSERT INTO "Notes" VALUES(785376,NULL,'Added Serif/Sans Serif font toggle to Reader Mode',NULL,NULL,23,1,1,2,NULL,NULL);
INSERT INTO "Notes" VALUES(785377,NULL,'asm.js optimizations (<a href="https://blog.mozilla.org/luke/2013/03/21/asm-js-in-firefox-nightly/">OdinMonkey</a>) enabled for major performance improvements',NULL,NULL,22,NULL,1,1,NULL,NULL);
INSERT INTO "Notes" VALUES(785378,NULL,'For user security, the |Components| object is no longer accessible from web content',NULL,NULL,22,NULL,2,1,NULL,NULL);
INSERT INTO "Notes" VALUES(785379,NULL,'Social services management implemented in Add-ons Manager',NULL,NULL,22,NULL,1,1,NULL,NULL);
INSERT INTO "Notes" VALUES(785381,NULL,'WebRTC is now <a href="http://blog.mozilla.org/futurereleases/2013/05/16/firefox-beta-now-includes-webrtc-on-by-default">enabled by default</a>!',NULL,NULL,22,NULL,2,1,NULL,NULL);
INSERT INTO "Notes" VALUES(785382,NULL,'Improved about:memory''s functional UI',NULL,NULL,23,1,2,1,NULL,NULL);
INSERT INTO "Notes" VALUES(785383,NULL,'Enabled DXVA2 on Windows Vista+ to accelerate H.264 video decoding',NULL,NULL,23,1,2,1,NULL,NULL);
INSERT INTO "Notes" VALUES(785384,NULL,'Replaced plugin installation notification bar with door hanger',NULL,NULL,23,1,2,1,NULL,NULL);
INSERT INTO "Notes" VALUES(785388,NULL,'Partial support for Web Audio, targeted at web developers for testing',23,1,23,1,5,NULL,1000,NULL);
INSERT INTO "Notes" VALUES(785389,NULL,'Dynamic toolbar hides navigation bar when scrolling down page content',22,NULL,23,NULL,1,2,500,NULL);
INSERT INTO "Notes" VALUES(785390,NULL,'HTML5 &lt;input type="range"&gt; form control implemented ',NULL,NULL,23,NULL,5,NULL,NULL,NULL);
INSERT INTO "Notes" VALUES(785391,NULL,'Basic support for subscribing to feeds (RSS/Atom) with long-tap in address bar',NULL,NULL,23,1,1,2,500,NULL);
INSERT INTO "Notes" VALUES(785392,NULL,'Added unprefixed requestAnimationFrame',NULL,NULL,23,1,5,NULL,NULL,NULL);
DELETE FROM sqlite_sequence;
INSERT INTO "sqlite_sequence" VALUES('Channels',5);
INSERT INTO "sqlite_sequence" VALUES('Releases',111);
INSERT INTO "sqlite_sequence" VALUES('Tags',5);
INSERT INTO "sqlite_sequence" VALUES('Products',3);
INSERT INTO "sqlite_sequence" VALUES('Notes',785392);
COMMIT;
